,Model Name,Selected Features,Parameters,Train Time,Test Time,Train Accuracy,Test Accuracy,F1,Precision,Recall
0,LGBM + No Sampler + k=50 + isotonic,"""e_cblp"",""e_cp"",""e_crlc"",""e_cparhdr"",""e_minalloc"",""e_maxalloc"",""e_sp"",""e_csum"",""e_ip"",""e_cs"",""e_lfarlc"",""e_ovno"",""e_oemid"",""e_oeminfo"",""e_lfanew"",""Machine"",""NumberOfSections"",""TimeDateStamp"",""PointerToSymbolTable"",""NumberOfSymbols"",""SizeOfOptionalHeader"",""Characteristics"",""Magic"",""MajorLinkerVersion"",""MinorLinkerVersion"",""SizeOfCode"",""SizeOfInitializedData"",""AddressOfEntryPoint"",""ImageBase"",""SectionAlignment"",""FileAlignment"",""MinorImageVersion"",""MajorSubsystemVersion"",""SizeOfHeaders"",""CheckSum"",""Subsystem"",""DllCharacteristics"",""SizeOfStackReserve"",""SizeOfStackCommit"",""SizeOfHeapReserve"",""SizeOfHeapCommit"",""LoaderFlags"",""SectionsLength"",""SectionMinEntropy"",""SectionMinRawsize"",""SectionMinVirtualsize"",""SectionMaxPointerData"",""SectionMaxChar"",""DirectoryEntryImport"",""DirectoryEntryExport""","{'num_leaves': 83, 'learning_rate': 0.3495926344797191, 'max_depth': 4, 'min_child_samples': 42, 'subsample': 0.6221372590923239, 'colsample_bytree': 0.6055201014286481, 'reg_alpha': 0.0016729945936162748, 'reg_lambda': 1.2481847912008013}",0.2965662479400635,0.02005743980407715,0.9988355366805945,0.9866320830007981,0.9866299705269613,0.9869398303109257,0.9869398303109257
1,XGB + No Sampler + k=62 + isotonic,"""e_cblp"",""e_cp"",""e_crlc"",""e_cparhdr"",""e_minalloc"",""e_maxalloc"",""e_ss"",""e_sp"",""e_csum"",""e_ip"",""e_cs"",""e_lfarlc"",""e_ovno"",""e_oemid"",""e_oeminfo"",""e_lfanew"",""Machine"",""NumberOfSections"",""TimeDateStamp"",""PointerToSymbolTable"",""NumberOfSymbols"",""SizeOfOptionalHeader"",""Characteristics"",""Magic"",""MajorLinkerVersion"",""MinorLinkerVersion"",""SizeOfCode"",""SizeOfInitializedData"",""SizeOfUninitializedData"",""AddressOfEntryPoint"",""BaseOfCode"",""ImageBase"",""SectionAlignment"",""FileAlignment"",""MajorOperatingSystemVersion"",""MinorOperatingSystemVersion"",""MajorImageVersion"",""MinorImageVersion"",""MajorSubsystemVersion"",""MinorSubsystemVersion"",""SizeOfHeaders"",""CheckSum"",""SizeOfImage"",""Subsystem"",""DllCharacteristics"",""SizeOfStackReserve"",""SizeOfStackCommit"",""SizeOfHeapReserve"",""SizeOfHeapCommit"",""LoaderFlags"",""NumberOfRvaAndSizes"",""SectionsLength"",""SectionMinEntropy"",""SectionMinRawsize"",""SectionMinVirtualsize"",""SectionMaxPointerData"",""SectionMaxChar"",""DirectoryEntryImport"",""DirectoryEntryExport"",""ImageDirectoryEntryImport"",""ImageDirectoryEntryResource"",""ImageDirectoryEntryException""","{'max_depth': 5, 'learning_rate': 0.3962069556377089, 'subsample': 0.887570007876122, 'colsample_bytree': 0.7262136146476932, 'reg_alpha': 0.4844400272239695, 'reg_lambda': 0.013594948629334448, 'min_child_weight': 0.0671193959661852}",1.8673367500305176,0.013695478439331055,0.9997260086307281,0.9860335195530726,0.9860309481945825,0.9863916504605594,0.9863916504605594
2,RandomForest + No Sampler + k=27 + isotonic,"""e_maxalloc"",""e_lfanew"",""Machine"",""NumberOfSections"",""TimeDateStamp"",""SizeOfOptionalHeader"",""Characteristics"",""Magic"",""MajorLinkerVersion"",""MinorLinkerVersion"",""ImageBase"",""SectionAlignment"",""FileAlignment"",""MajorSubsystemVersion"",""CheckSum"",""Subsystem"",""DllCharacteristics"",""SizeOfStackReserve"",""SizeOfHeapReserve"",""SectionsLength"",""SectionMinEntropy"",""SectionMinRawsize"",""SectionMinVirtualsize"",""SectionMaxPointerData"",""SectionMaxChar"",""DirectoryEntryImport"",""DirectoryEntryExport""","{'n_estimators': 55, 'max_depth': 13, 'min_samples_split': 8, 'min_samples_leaf': 1, 'max_features': 0.849592388873454}",8.06896185874939,0.0728616714477539,0.995890129460922,0.9832402234636871,0.9832363689183817,0.9836850879625644,0.9836850879625644
3,AdaBoost + No Sampler + k=30 + isotonic,"""e_maxalloc"",""e_oemid"",""e_oeminfo"",""e_lfanew"",""Machine"",""NumberOfSections"",""TimeDateStamp"",""SizeOfOptionalHeader"",""Characteristics"",""Magic"",""MajorLinkerVersion"",""MinorLinkerVersion"",""AddressOfEntryPoint"",""ImageBase"",""SectionAlignment"",""FileAlignment"",""MajorSubsystemVersion"",""CheckSum"",""Subsystem"",""DllCharacteristics"",""SizeOfStackReserve"",""SizeOfHeapReserve"",""SectionsLength"",""SectionMinEntropy"",""SectionMinRawsize"",""SectionMinVirtualsize"",""SectionMaxPointerData"",""SectionMaxChar"",""DirectoryEntryImport"",""DirectoryEntryExport""","{'n_estimators': 143, 'learning_rate': 0.9515553654599467}",6.540464878082275,0.30568552017211914,0.9930132200835674,0.9782521947326417,0.9782440458234297,0.9789698063686455,0.9789698063686455
4,GradientBoosting + No Sampler + k=36 + isotonic,"""e_maxalloc"",""e_ip"",""e_cs"",""e_lfarlc"",""e_ovno"",""e_oemid"",""e_oeminfo"",""e_lfanew"",""Machine"",""NumberOfSections"",""TimeDateStamp"",""NumberOfSymbols"",""SizeOfOptionalHeader"",""Characteristics"",""Magic"",""MajorLinkerVersion"",""MinorLinkerVersion"",""AddressOfEntryPoint"",""ImageBase"",""SectionAlignment"",""FileAlignment"",""MajorSubsystemVersion"",""SizeOfHeaders"",""CheckSum"",""Subsystem"",""DllCharacteristics"",""SizeOfStackReserve"",""SizeOfHeapReserve"",""SectionsLength"",""SectionMinEntropy"",""SectionMinRawsize"",""SectionMinVirtualsize"",""SectionMaxPointerData"",""SectionMaxChar"",""DirectoryEntryImport"",""DirectoryEntryExport""","{'n_estimators': 178, 'learning_rate': 0.1016547620213266, 'max_depth': 7, 'min_samples_split': 7, 'min_samples_leaf': 5, 'subsample': 0.6026903355529062}",23.244919776916504,0.07397270202636719,0.9995890129460921,0.9860335195530726,0.9860309481945825,0.9863916504605594,0.9863916504605594
5,DecisionTree + No Sampler + k=11 + isotonic,"""e_maxalloc"",""Machine"",""TimeDateStamp"",""SizeOfOptionalHeader"",""Magic"",""SectionAlignment"",""MajorSubsystemVersion"",""Subsystem"",""DllCharacteristics"",""SizeOfStackReserve"",""SectionMaxChar""","{'max_depth': 13, 'min_samples_split': 6, 'min_samples_leaf': 4, 'max_features': 0.6823937142721304}",0.046072959899902344,0.002830982208251953,0.9934927049797931,0.9798483639265763,0.9798411213773467,0.9805389434016302,0.9805389434016302
6,ExtraTrees + No Sampler + k=14 + isotonic,"""e_maxalloc"",""Machine"",""TimeDateStamp"",""SizeOfOptionalHeader"",""Magic"",""MajorLinkerVersion"",""MinorLinkerVersion"",""SectionAlignment"",""FileAlignment"",""MajorSubsystemVersion"",""Subsystem"",""DllCharacteristics"",""SizeOfStackReserve"",""SectionMaxChar""",{},1.6817395687103271,0.20456910133361816,0.9985615453113227,0.9774541101356744,0.9774445842983552,0.9782620485093774,0.9782620485093774
7,LogisticRegression + No Sampler + k=10 + isotonic,"""e_maxalloc"",""Machine"",""TimeDateStamp"",""SizeOfOptionalHeader"",""Magic"",""SectionAlignment"",""MajorSubsystemVersion"",""Subsystem"",""SizeOfStackReserve"",""SectionMaxChar""",{},0.299943208694458,0.0021681785583496094,0.9332146037399822,0.9062250598563448,0.9060407181883668,0.9094382186933455,0.9094382186933455
8,SGD + No Sampler + k=13 + isotonic,"""e_maxalloc"",""Machine"",""TimeDateStamp"",""SizeOfOptionalHeader"",""Magic"",""MinorLinkerVersion"",""SectionAlignment"",""FileAlignment"",""MajorSubsystemVersion"",""Subsystem"",""DllCharacteristics"",""SizeOfStackReserve"",""SectionMaxChar""","{'alpha': 0.0009643982684054232, 'loss': 'hinge', 'penalty': 'l1'}",0.5156164169311523,0.0020542144775390625,0.9147886841564491,0.8431763766959298,0.8412648678496637,0.8605432071007185,0.8605432071007185
9,CatBoost + No Sampler + k=42 + isotonic,"""e_cblp"",""e_cp"",""e_crlc"",""e_minalloc"",""e_maxalloc"",""e_sp"",""e_ip"",""e_cs"",""e_lfarlc"",""e_ovno"",""e_oemid"",""e_oeminfo"",""e_lfanew"",""Machine"",""NumberOfSections"",""TimeDateStamp"",""PointerToSymbolTable"",""NumberOfSymbols"",""SizeOfOptionalHeader"",""Characteristics"",""Magic"",""MajorLinkerVersion"",""MinorLinkerVersion"",""AddressOfEntryPoint"",""ImageBase"",""SectionAlignment"",""FileAlignment"",""MajorSubsystemVersion"",""SizeOfHeaders"",""CheckSum"",""Subsystem"",""DllCharacteristics"",""SizeOfStackReserve"",""SizeOfHeapReserve"",""SectionsLength"",""SectionMinEntropy"",""SectionMinRawsize"",""SectionMinVirtualsize"",""SectionMaxPointerData"",""SectionMaxChar"",""DirectoryEntryImport"",""DirectoryEntryExport""",{},14.904382705688477,0.01706838607788086,0.9972600863072814,0.9840383080606544,0.9840351939244547,0.9844162740058542,0.9844162740058542
10,MLP + No Sampler + k=51 + isotonic,"""e_cblp"",""e_cp"",""e_crlc"",""e_cparhdr"",""e_minalloc"",""e_maxalloc"",""e_sp"",""e_csum"",""e_ip"",""e_cs"",""e_lfarlc"",""e_ovno"",""e_oemid"",""e_oeminfo"",""e_lfanew"",""Machine"",""NumberOfSections"",""TimeDateStamp"",""PointerToSymbolTable"",""NumberOfSymbols"",""SizeOfOptionalHeader"",""Characteristics"",""Magic"",""MajorLinkerVersion"",""MinorLinkerVersion"",""SizeOfCode"",""SizeOfInitializedData"",""AddressOfEntryPoint"",""ImageBase"",""SectionAlignment"",""FileAlignment"",""MinorImageVersion"",""MajorSubsystemVersion"",""SizeOfHeaders"",""CheckSum"",""SizeOfImage"",""Subsystem"",""DllCharacteristics"",""SizeOfStackReserve"",""SizeOfStackCommit"",""SizeOfHeapReserve"",""SizeOfHeapCommit"",""LoaderFlags"",""SectionsLength"",""SectionMinEntropy"",""SectionMinRawsize"",""SectionMinVirtualsize"",""SectionMaxPointerData"",""SectionMaxChar"",""DirectoryEntryImport"",""DirectoryEntryExport""",{},8.212542533874512,0.008083820343017578,0.9427358038221796,0.9114126097366321,0.9112321207952367,0.9147860959132825,0.9147860959132825
11,GaussianNB + No Sampler + k=29 + isotonic,"""e_maxalloc"",""e_oeminfo"",""e_lfanew"",""Machine"",""NumberOfSections"",""TimeDateStamp"",""SizeOfOptionalHeader"",""Characteristics"",""Magic"",""MajorLinkerVersion"",""MinorLinkerVersion"",""AddressOfEntryPoint"",""ImageBase"",""SectionAlignment"",""FileAlignment"",""MajorSubsystemVersion"",""CheckSum"",""Subsystem"",""DllCharacteristics"",""SizeOfStackReserve"",""SizeOfHeapReserve"",""SectionsLength"",""SectionMinEntropy"",""SectionMinRawsize"",""SectionMinVirtualsize"",""SectionMaxPointerData"",""SectionMaxChar"",""DirectoryEntryImport"",""DirectoryEntryExport""",{},0.024616003036499023,0.004885673522949219,0.8943763271456949,0.9014365522745411,0.9014330208345442,0.9014940909067743,0.9014940909067743
12,SVC + No Sampler + k=25 + isotonic,"""e_maxalloc"",""e_lfanew"",""Machine"",""NumberOfSections"",""TimeDateStamp"",""SizeOfOptionalHeader"",""Characteristics"",""Magic"",""MajorLinkerVersion"",""MinorLinkerVersion"",""ImageBase"",""SectionAlignment"",""FileAlignment"",""MajorSubsystemVersion"",""CheckSum"",""Subsystem"",""DllCharacteristics"",""SizeOfStackReserve"",""SizeOfHeapReserve"",""SectionsLength"",""SectionMinRawsize"",""SectionMinVirtualsize"",""SectionMaxChar"",""DirectoryEntryImport"",""DirectoryEntryExport""","{'kernel': 'rbf', 'C': 3.5416409000507163, 'gamma': 0.005079619766373311}",7.6952064037323,2.3003249168395996,0.9881498732789917,0.9501197126895451,0.9500464054142839,0.9527775303964074,0.9527775303964074
13,KNeighbors + No Sampler + k=10 + isotonic,"""e_maxalloc"",""Machine"",""TimeDateStamp"",""SizeOfOptionalHeader"",""Magic"",""SectionAlignment"",""MajorSubsystemVersion"",""Subsystem"",""SizeOfStackReserve"",""SectionMaxChar""","{'n_neighbors': 3, 'metric': 'euclidean', 'weights': 'distance'}",0.5176069736480713,0.6177058219909668,0.9983560517843688,0.9772545889864326,0.9772444106290882,0.9781100051046453,0.9781100051046453
14,LGBM + SMOTE + k=47 + isotonic,"""e_cblp"",""e_cp"",""e_crlc"",""e_cparhdr"",""e_minalloc"",""e_maxalloc"",""e_sp"",""e_csum"",""e_ip"",""e_cs"",""e_lfarlc"",""e_ovno"",""e_oemid"",""e_oeminfo"",""e_lfanew"",""Machine"",""NumberOfSections"",""TimeDateStamp"",""PointerToSymbolTable"",""NumberOfSymbols"",""SizeOfOptionalHeader"",""Characteristics"",""Magic"",""MajorLinkerVersion"",""MinorLinkerVersion"",""SizeOfInitializedData"",""AddressOfEntryPoint"",""ImageBase"",""SectionAlignment"",""FileAlignment"",""MajorSubsystemVersion"",""SizeOfHeaders"",""CheckSum"",""Subsystem"",""DllCharacteristics"",""SizeOfStackReserve"",""SizeOfStackCommit"",""SizeOfHeapReserve"",""SizeOfHeapCommit"",""SectionsLength"",""SectionMinEntropy"",""SectionMinRawsize"",""SectionMinVirtualsize"",""SectionMaxPointerData"",""SectionMaxChar"",""DirectoryEntryImport"",""DirectoryEntryExport""","{'num_leaves': 216, 'learning_rate': 0.0792502364774647, 'max_depth': 12, 'min_child_samples': 31, 'subsample': 0.7787313752791897, 'colsample_bytree': 0.8759692117850582, 'reg_alpha': 0.00013439923560993708, 'reg_lambda': 0.010684935145008465}",1.4198787212371826,0.03209257125854492,0.9997519225998511,0.9860335195530726,0.9860320160016307,0.9862428815299239,0.9862428815299239
15,XGB + SMOTE + k=30 + isotonic,"""e_maxalloc"",""e_oemid"",""e_oeminfo"",""e_lfanew"",""Machine"",""NumberOfSections"",""TimeDateStamp"",""SizeOfOptionalHeader"",""Characteristics"",""Magic"",""MajorLinkerVersion"",""MinorLinkerVersion"",""AddressOfEntryPoint"",""ImageBase"",""SectionAlignment"",""FileAlignment"",""MajorSubsystemVersion"",""CheckSum"",""Subsystem"",""DllCharacteristics"",""SizeOfStackReserve"",""SizeOfHeapReserve"",""SectionsLength"",""SectionMinEntropy"",""SectionMinRawsize"",""SectionMinVirtualsize"",""SectionMaxPointerData"",""SectionMaxChar"",""DirectoryEntryImport"",""DirectoryEntryExport""","{'max_depth': 8, 'learning_rate': 0.09216394868784374, 'subsample': 0.7351360100042706, 'colsample_bytree': 0.648892720081019, 'reg_alpha': 7.977266272376239e-05, 'reg_lambda': 0.0013493135325714715, 'min_child_weight': 0.25566883248755}",6.013670921325684,0.015268087387084961,0.9992557677995535,0.9860335195530726,0.9860318981059534,0.98625930362969,0.98625930362969
16,RandomForest + SMOTE + k=34 + isotonic,"""e_maxalloc"",""e_ip"",""e_cs"",""e_ovno"",""e_oemid"",""e_oeminfo"",""e_lfanew"",""Machine"",""NumberOfSections"",""TimeDateStamp"",""NumberOfSymbols"",""SizeOfOptionalHeader"",""Characteristics"",""Magic"",""MajorLinkerVersion"",""MinorLinkerVersion"",""AddressOfEntryPoint"",""ImageBase"",""SectionAlignment"",""FileAlignment"",""MajorSubsystemVersion"",""CheckSum"",""Subsystem"",""DllCharacteristics"",""SizeOfStackReserve"",""SizeOfHeapReserve"",""SectionsLength"",""SectionMinEntropy"",""SectionMinRawsize"",""SectionMinVirtualsize"",""SectionMaxPointerData"",""SectionMaxChar"",""DirectoryEntryImport"",""DirectoryEntryExport""","{'n_estimators': 189, 'max_depth': 12, 'min_samples_split': 3, 'min_samples_leaf': 1, 'max_features': 0.6988140489432689}",46.30619812011719,0.24368071556091309,0.9974365335317953,0.984437350359138,0.9844356749732456,0.984646024776131,0.984646024776131
17,AdaBoost + SMOTE + k=66 + isotonic,"""e_cblp"",""e_cp"",""e_crlc"",""e_cparhdr"",""e_minalloc"",""e_maxalloc"",""e_ss"",""e_sp"",""e_csum"",""e_ip"",""e_cs"",""e_lfarlc"",""e_ovno"",""e_oemid"",""e_oeminfo"",""e_lfanew"",""Machine"",""NumberOfSections"",""TimeDateStamp"",""PointerToSymbolTable"",""NumberOfSymbols"",""SizeOfOptionalHeader"",""Characteristics"",""Magic"",""MajorLinkerVersion"",""MinorLinkerVersion"",""SizeOfCode"",""SizeOfInitializedData"",""SizeOfUninitializedData"",""AddressOfEntryPoint"",""BaseOfCode"",""ImageBase"",""SectionAlignment"",""FileAlignment"",""MajorOperatingSystemVersion"",""MinorOperatingSystemVersion"",""MajorImageVersion"",""MinorImageVersion"",""MajorSubsystemVersion"",""MinorSubsystemVersion"",""SizeOfHeaders"",""CheckSum"",""SizeOfImage"",""Subsystem"",""DllCharacteristics"",""SizeOfStackReserve"",""SizeOfStackCommit"",""SizeOfHeapReserve"",""SizeOfHeapCommit"",""LoaderFlags"",""NumberOfRvaAndSizes"",""SectionsLength"",""SectionMinEntropy"",""SectionMinRawsize"",""SectionMinVirtualsize"",""SectionMaxPhysical"",""SectionMaxVirtual"",""SectionMaxPointerData"",""SectionMaxChar"",""DirectoryEntryImport"",""DirectoryEntryExport"",""ImageDirectoryEntryExport"",""ImageDirectoryEntryImport"",""ImageDirectoryEntryResource"",""ImageDirectoryEntryException"",""ImageDirectoryEntrySecurity""","{'n_estimators': 117, 'learning_rate': 0.759732016072251}",19.279263257980347,0.3046584129333496,0.9868932440254693,0.9794493216280926,0.9794462770435106,0.9797335697778077,0.9797335697778077
18,GradientBoosting + SMOTE + k=57 + isotonic,"""e_cblp"",""e_cp"",""e_crlc"",""e_cparhdr"",""e_minalloc"",""e_maxalloc"",""e_sp"",""e_csum"",""e_ip"",""e_cs"",""e_lfarlc"",""e_ovno"",""e_oemid"",""e_oeminfo"",""e_lfanew"",""Machine"",""NumberOfSections"",""TimeDateStamp"",""PointerToSymbolTable"",""NumberOfSymbols"",""SizeOfOptionalHeader"",""Characteristics"",""Magic"",""MajorLinkerVersion"",""MinorLinkerVersion"",""SizeOfCode"",""SizeOfInitializedData"",""AddressOfEntryPoint"",""BaseOfCode"",""ImageBase"",""SectionAlignment"",""FileAlignment"",""MajorOperatingSystemVersion"",""MinorOperatingSystemVersion"",""MajorSubsystemVersion"",""MinorSubsystemVersion"",""SizeOfHeaders"",""CheckSum"",""SizeOfImage"",""Subsystem"",""DllCharacteristics"",""SizeOfStackReserve"",""SizeOfStackCommit"",""SizeOfHeapReserve"",""SizeOfHeapCommit"",""LoaderFlags"",""SectionsLength"",""SectionMinEntropy"",""SectionMinRawsize"",""SectionMinVirtualsize"",""SectionMaxPointerData"",""SectionMaxChar"",""DirectoryEntryImport"",""DirectoryEntryExport"",""ImageDirectoryEntryImport"",""ImageDirectoryEntryResource"",""ImageDirectoryEntryException""","{'n_estimators': 109, 'learning_rate': 0.14044624644716794, 'max_depth': 9, 'min_samples_split': 9, 'min_samples_leaf': 4, 'subsample': 0.6651704313836256}",60.622791051864624,0.059007883071899414,0.9998759612999256,0.9860335195530726,0.9860316489613716,0.9862940105839527,0.9862940105839527
19,DecisionTree + SMOTE + k=21 + isotonic,"""e_maxalloc"",""Machine"",""NumberOfSections"",""TimeDateStamp"",""SizeOfOptionalHeader"",""Characteristics"",""Magic"",""MajorLinkerVersion"",""MinorLinkerVersion"",""SectionAlignment"",""FileAlignment"",""MajorSubsystemVersion"",""CheckSum"",""Subsystem"",""DllCharacteristics"",""SizeOfStackReserve"",""SizeOfHeapReserve"",""SectionsLength"",""SectionMaxChar"",""DirectoryEntryImport"",""DirectoryEntryExport""","{'max_depth': 12, 'min_samples_split': 3, 'min_samples_leaf': 1, 'max_features': 0.7497786194666176}",0.1969609260559082,0.0029790401458740234,0.9966096088646325,0.9826416600159616,0.9826385575052691,0.9829869013808676,0.9829869013808676
20,ExtraTrees + SMOTE + k=15 + isotonic,"""Machine"",""TimeDateStamp"",""SizeOfOptionalHeader"",""Characteristics"",""Magic"",""MajorLinkerVersion"",""MinorLinkerVersion"",""SectionAlignment"",""FileAlignment"",""MajorSubsystemVersion"",""CheckSum"",""Subsystem"",""DllCharacteristics"",""SizeOfStackReserve"",""SectionMaxChar""",{},2.866255760192871,0.21836185455322266,0.9989663441660465,0.9810454908220272,0.981042103022995,0.981389590421361,0.981389590421361
21,LogisticRegression + SMOTE + k=11 + isotonic,"""Machine"",""TimeDateStamp"",""SizeOfOptionalHeader"",""Magic"",""SectionAlignment"",""FileAlignment"",""MajorSubsystemVersion"",""Subsystem"",""DllCharacteristics"",""SizeOfStackReserve"",""SectionMaxChar""",{},0.4101276397705078,0.002532482147216797,0.9191681137848342,0.9207901037509976,0.9206625043964763,0.9235146767399056,0.9235146767399056
22,SGD + SMOTE + k=10 + isotonic,"""Machine"",""TimeDateStamp"",""SizeOfOptionalHeader"",""Magic"",""FileAlignment"",""MajorSubsystemVersion"",""Subsystem"",""DllCharacteristics"",""SizeOfStackReserve"",""SectionMaxChar""","{'alpha': 3.416255239442351e-05, 'loss': 'squared_hinge', 'penalty': 'elasticnet'}",0.9001064300537109,0.0020372867584228516,0.8989911519060614,0.8974461292897047,0.8973252091623304,0.8993272806510633,0.8993272806510633
23,CatBoost + SMOTE + k=47 + isotonic,"""e_cblp"",""e_cp"",""e_crlc"",""e_cparhdr"",""e_minalloc"",""e_maxalloc"",""e_sp"",""e_csum"",""e_ip"",""e_cs"",""e_lfarlc"",""e_ovno"",""e_oemid"",""e_oeminfo"",""e_lfanew"",""Machine"",""NumberOfSections"",""TimeDateStamp"",""PointerToSymbolTable"",""NumberOfSymbols"",""SizeOfOptionalHeader"",""Characteristics"",""Magic"",""MajorLinkerVersion"",""MinorLinkerVersion"",""SizeOfInitializedData"",""AddressOfEntryPoint"",""ImageBase"",""SectionAlignment"",""FileAlignment"",""MajorSubsystemVersion"",""SizeOfHeaders"",""CheckSum"",""Subsystem"",""DllCharacteristics"",""SizeOfStackReserve"",""SizeOfStackCommit"",""SizeOfHeapReserve"",""SizeOfHeapCommit"",""SectionsLength"",""SectionMinEntropy"",""SectionMinRawsize"",""SectionMinVirtualsize"",""SectionMaxPointerData"",""SectionMaxChar"",""DirectoryEntryImport"",""DirectoryEntryExport""",{},19.096686601638794,0.017761707305908203,0.9986355742991814,0.985634477254589,0.9856326836381147,0.9858771049403366,0.9858771049403366
24,MLP + SMOTE + k=32 + isotonic,"""e_maxalloc"",""e_ip"",""e_oemid"",""e_oeminfo"",""e_lfanew"",""Machine"",""NumberOfSections"",""TimeDateStamp"",""NumberOfSymbols"",""SizeOfOptionalHeader"",""Characteristics"",""Magic"",""MajorLinkerVersion"",""MinorLinkerVersion"",""AddressOfEntryPoint"",""ImageBase"",""SectionAlignment"",""FileAlignment"",""MajorSubsystemVersion"",""CheckSum"",""Subsystem"",""DllCharacteristics"",""SizeOfStackReserve"",""SizeOfHeapReserve"",""SectionsLength"",""SectionMinEntropy"",""SectionMinRawsize"",""SectionMinVirtualsize"",""SectionMaxPointerData"",""SectionMaxChar"",""DirectoryEntryImport"",""DirectoryEntryExport""",{},10.631393909454346,0.006935834884643555,0.9381873811295791,0.934756584197925,0.9347559998103497,0.9347721611366965,0.9347721611366965
25,GaussianNB + SMOTE + k=10 + isotonic,"""Machine"",""TimeDateStamp"",""SizeOfOptionalHeader"",""Magic"",""FileAlignment"",""MajorSubsystemVersion"",""Subsystem"",""DllCharacteristics"",""SizeOfStackReserve"",""SectionMaxChar""",{},0.02819371223449707,0.003551959991455078,0.9055238567766476,0.9054269752593775,0.9054226229177703,0.9055016181229774,0.9055016181229774
26,SVC + SMOTE + k=20 + isotonic,"""e_maxalloc"",""Machine"",""NumberOfSections"",""TimeDateStamp"",""SizeOfOptionalHeader"",""Characteristics"",""Magic"",""MajorLinkerVersion"",""MinorLinkerVersion"",""SectionAlignment"",""FileAlignment"",""MajorSubsystemVersion"",""CheckSum"",""Subsystem"",""DllCharacteristics"",""SizeOfStackReserve"",""SizeOfHeapReserve"",""SectionsLength"",""SectionMaxChar"",""DirectoryEntryImport""","{'kernel': 'rbf', 'C': 10.840982296883695, 'gamma': 0.08563613927437005}",37.23255491256714,5.83157753944397,0.9904903663276275,0.9672785315243416,0.9672775102550383,0.9673368738824306,0.9673368738824306
27,KNeighbors + SMOTE + k=10 + isotonic,"""Machine"",""TimeDateStamp"",""SizeOfOptionalHeader"",""Magic"",""FileAlignment"",""MajorSubsystemVersion"",""Subsystem"",""DllCharacteristics"",""SizeOfStackReserve"",""SectionMaxChar""","{'n_neighbors': 25, 'metric': 'manhattan', 'weights': 'distance'}",2.6083309650421143,2.4497127532958984,0.9980980732655255,0.9774541101356744,0.9774526012996894,0.9775819462263602,0.9775819462263602
28,LGBM + RandomOverSampler + k=63 + isotonic,"""e_cblp"",""e_cp"",""e_crlc"",""e_cparhdr"",""e_minalloc"",""e_maxalloc"",""e_ss"",""e_sp"",""e_csum"",""e_ip"",""e_cs"",""e_lfarlc"",""e_ovno"",""e_oemid"",""e_oeminfo"",""e_lfanew"",""Machine"",""NumberOfSections"",""TimeDateStamp"",""PointerToSymbolTable"",""NumberOfSymbols"",""SizeOfOptionalHeader"",""Characteristics"",""Magic"",""MajorLinkerVersion"",""MinorLinkerVersion"",""SizeOfCode"",""SizeOfInitializedData"",""SizeOfUninitializedData"",""AddressOfEntryPoint"",""BaseOfCode"",""ImageBase"",""SectionAlignment"",""FileAlignment"",""MajorOperatingSystemVersion"",""MinorOperatingSystemVersion"",""MajorImageVersion"",""MinorImageVersion"",""MajorSubsystemVersion"",""MinorSubsystemVersion"",""SizeOfHeaders"",""CheckSum"",""SizeOfImage"",""Subsystem"",""DllCharacteristics"",""SizeOfStackReserve"",""SizeOfStackCommit"",""SizeOfHeapReserve"",""SizeOfHeapCommit"",""LoaderFlags"",""NumberOfRvaAndSizes"",""SectionsLength"",""SectionMinEntropy"",""SectionMinRawsize"",""SectionMinVirtualsize"",""SectionMaxPointerData"",""SectionMaxChar"",""DirectoryEntryImport"",""DirectoryEntryExport"",""ImageDirectoryEntryImport"",""ImageDirectoryEntryResource"",""ImageDirectoryEntryException"",""ImageDirectoryEntrySecurity""","{'num_leaves': 253, 'learning_rate': 0.3820393187223523, 'max_depth': 6, 'min_child_samples': 8, 'subsample': 0.9491156892812065, 'colsample_bytree': 0.9362461869698231, 'reg_alpha': 0.00017041253105661515, 'reg_lambda': 0.03910545122944009}",4.9712278842926025,0.08267855644226074,0.9993798064996279,0.9866320830007981,0.9866298342497442,0.9869596933368453,0.9869596933368453
29,XGB + RandomOverSampler + k=59 + isotonic,"""e_cblp"",""e_cp"",""e_crlc"",""e_cparhdr"",""e_minalloc"",""e_maxalloc"",""e_ss"",""e_sp"",""e_csum"",""e_ip"",""e_cs"",""e_lfarlc"",""e_ovno"",""e_oemid"",""e_oeminfo"",""e_lfanew"",""Machine"",""NumberOfSections"",""TimeDateStamp"",""PointerToSymbolTable"",""NumberOfSymbols"",""SizeOfOptionalHeader"",""Characteristics"",""Magic"",""MajorLinkerVersion"",""MinorLinkerVersion"",""SizeOfCode"",""SizeOfInitializedData"",""AddressOfEntryPoint"",""BaseOfCode"",""ImageBase"",""SectionAlignment"",""FileAlignment"",""MajorOperatingSystemVersion"",""MinorOperatingSystemVersion"",""MinorImageVersion"",""MajorSubsystemVersion"",""MinorSubsystemVersion"",""SizeOfHeaders"",""CheckSum"",""SizeOfImage"",""Subsystem"",""DllCharacteristics"",""SizeOfStackReserve"",""SizeOfStackCommit"",""SizeOfHeapReserve"",""SizeOfHeapCommit"",""LoaderFlags"",""SectionsLength"",""SectionMinEntropy"",""SectionMinRawsize"",""SectionMinVirtualsize"",""SectionMaxPointerData"",""SectionMaxChar"",""DirectoryEntryImport"",""DirectoryEntryExport"",""ImageDirectoryEntryImport"",""ImageDirectoryEntryResource"",""ImageDirectoryEntryException""","{'max_depth': 6, 'learning_rate': 0.2146410946581028, 'subsample': 0.7678230125581689, 'colsample_bytree': 0.6035772627185628, 'reg_alpha': 0.0004568937403696671, 'reg_lambda': 0.004333906520603635, 'min_child_weight': 0.005066643553199493}",41.56121015548706,0.08937931060791016,0.9995865376664186,0.9860335195530726,0.9860309481945825,0.9863916504605594,0.9863916504605594
30,RandomForest + RandomOverSampler + k=26 + isotonic,"""e_maxalloc"",""e_lfanew"",""Machine"",""NumberOfSections"",""TimeDateStamp"",""SizeOfOptionalHeader"",""Characteristics"",""Magic"",""MajorLinkerVersion"",""MinorLinkerVersion"",""ImageBase"",""SectionAlignment"",""FileAlignment"",""MajorSubsystemVersion"",""CheckSum"",""Subsystem"",""DllCharacteristics"",""SizeOfStackReserve"",""SizeOfHeapReserve"",""SectionsLength"",""SectionMinEntropy"",""SectionMinRawsize"",""SectionMaxPointerData"",""SectionMaxChar"",""DirectoryEntryImport"",""DirectoryEntryExport""","{'n_estimators': 121, 'max_depth': 14, 'min_samples_split': 8, 'min_samples_leaf': 3, 'max_features': 0.674614085879805}",32.03691744804382,0.29877328872680664,0.9983461506656743,0.9860335195530726,0.9860312418577954,0.9863507299304963,0.9863507299304963
31,AdaBoost + RandomOverSampler + k=62 + isotonic,"""e_cblp"",""e_cp"",""e_crlc"",""e_cparhdr"",""e_minalloc"",""e_maxalloc"",""e_ss"",""e_sp"",""e_csum"",""e_ip"",""e_cs"",""e_lfarlc"",""e_ovno"",""e_oemid"",""e_oeminfo"",""e_lfanew"",""Machine"",""NumberOfSections"",""TimeDateStamp"",""PointerToSymbolTable"",""NumberOfSymbols"",""SizeOfOptionalHeader"",""Characteristics"",""Magic"",""MajorLinkerVersion"",""MinorLinkerVersion"",""SizeOfCode"",""SizeOfInitializedData"",""AddressOfEntryPoint"",""BaseOfCode"",""ImageBase"",""SectionAlignment"",""FileAlignment"",""MajorOperatingSystemVersion"",""MinorOperatingSystemVersion"",""MajorImageVersion"",""MinorImageVersion"",""MajorSubsystemVersion"",""MinorSubsystemVersion"",""SizeOfHeaders"",""CheckSum"",""SizeOfImage"",""Subsystem"",""DllCharacteristics"",""SizeOfStackReserve"",""SizeOfStackCommit"",""SizeOfHeapReserve"",""SizeOfHeapCommit"",""LoaderFlags"",""NumberOfRvaAndSizes"",""SectionsLength"",""SectionMinEntropy"",""SectionMinRawsize"",""SectionMinVirtualsize"",""SectionMaxPointerData"",""SectionMaxChar"",""DirectoryEntryImport"",""DirectoryEntryExport"",""ImageDirectoryEntryImport"",""ImageDirectoryEntryResource"",""ImageDirectoryEntryException"",""ImageDirectoryEntrySecurity""","{'n_estimators': 165, 'learning_rate': 0.7382762651509568}",41.48631691932678,0.9629166126251221,0.9867278590920368,0.9814445331205107,0.9814429012576074,0.9816139406198992,0.9816139406198992
32,GradientBoosting + RandomOverSampler + k=10 + isotonic,"""Machine"",""TimeDateStamp"",""SizeOfOptionalHeader"",""Magic"",""FileAlignment"",""MajorSubsystemVersion"",""Subsystem"",""DllCharacteristics"",""SizeOfStackReserve"",""SectionMaxChar""","{'n_estimators': 58, 'learning_rate': 0.11242145271800724, 'max_depth': 6, 'min_samples_split': 7, 'min_samples_leaf': 5, 'subsample': 0.9666017572928932}",3.836991310119629,0.02484917640686035,0.9956586454973951,0.9836392657621708,0.9836372230322974,0.9838808966209434,0.9838808966209434
33,DecisionTree + RandomOverSampler + k=11 + isotonic,"""Machine"",""TimeDateStamp"",""SizeOfOptionalHeader"",""Magic"",""MinorLinkerVersion"",""FileAlignment"",""MajorSubsystemVersion"",""Subsystem"",""DllCharacteristics"",""SizeOfStackReserve"",""SectionMaxChar""","{'max_depth': 11, 'min_samples_split': 7, 'min_samples_leaf': 2, 'max_features': 0.8246506114860854}",0.08086967468261719,0.0028274059295654297,0.9887538245265857,0.9806464485235435,0.9806411395097928,0.9811742814252559,0.9811742814252559
34,ExtraTrees + RandomOverSampler + k=17 + isotonic,"""e_maxalloc"",""Machine"",""NumberOfSections"",""TimeDateStamp"",""SizeOfOptionalHeader"",""Characteristics"",""Magic"",""MajorLinkerVersion"",""MinorLinkerVersion"",""SectionAlignment"",""FileAlignment"",""MajorSubsystemVersion"",""CheckSum"",""Subsystem"",""DllCharacteristics"",""SizeOfStackReserve"",""SectionMaxChar""",{},2.777299642562866,0.2023625373840332,0.9990076903994046,0.9698723064644852,0.9698463675270291,0.9714946743007469,0.9714946743007469
35,LogisticRegression + RandomOverSampler + k=10 + isotonic,"""Machine"",""TimeDateStamp"",""SizeOfOptionalHeader"",""Magic"",""FileAlignment"",""MajorSubsystemVersion"",""Subsystem"",""DllCharacteristics"",""SizeOfStackReserve"",""SectionMaxChar""",{},0.25772595405578613,0.0031213760375976562,0.9197883072852063,0.9205905826017557,0.9204639335404134,0.9232866605256765,0.9232866605256765
36,SGD + RandomOverSampler + k=23 + isotonic,"""e_maxalloc"",""e_lfanew"",""Machine"",""NumberOfSections"",""TimeDateStamp"",""SizeOfOptionalHeader"",""Characteristics"",""Magic"",""MajorLinkerVersion"",""MinorLinkerVersion"",""ImageBase"",""SectionAlignment"",""FileAlignment"",""MajorSubsystemVersion"",""CheckSum"",""Subsystem"",""DllCharacteristics"",""SizeOfStackReserve"",""SizeOfHeapReserve"",""SectionsLength"",""SectionMaxChar"",""DirectoryEntryImport"",""DirectoryEntryExport""","{'alpha': 0.0004989946574679864, 'loss': 'log_loss', 'penalty': 'elasticnet'}",1.7730190753936768,0.002170085906982422,0.927892169023402,0.9253790901835595,0.925378983243225,0.9253815286624203,0.9253815286624203
37,CatBoost + RandomOverSampler + k=62 + isotonic,"""e_cblp"",""e_cp"",""e_crlc"",""e_cparhdr"",""e_minalloc"",""e_maxalloc"",""e_ss"",""e_sp"",""e_csum"",""e_ip"",""e_cs"",""e_lfarlc"",""e_ovno"",""e_oemid"",""e_oeminfo"",""e_lfanew"",""Machine"",""NumberOfSections"",""TimeDateStamp"",""PointerToSymbolTable"",""NumberOfSymbols"",""SizeOfOptionalHeader"",""Characteristics"",""Magic"",""MajorLinkerVersion"",""MinorLinkerVersion"",""SizeOfCode"",""SizeOfInitializedData"",""AddressOfEntryPoint"",""BaseOfCode"",""ImageBase"",""SectionAlignment"",""FileAlignment"",""MajorOperatingSystemVersion"",""MinorOperatingSystemVersion"",""MajorImageVersion"",""MinorImageVersion"",""MajorSubsystemVersion"",""MinorSubsystemVersion"",""SizeOfHeaders"",""CheckSum"",""SizeOfImage"",""Subsystem"",""DllCharacteristics"",""SizeOfStackReserve"",""SizeOfStackCommit"",""SizeOfHeapReserve"",""SizeOfHeapCommit"",""LoaderFlags"",""NumberOfRvaAndSizes"",""SectionsLength"",""SectionMinEntropy"",""SectionMinRawsize"",""SectionMinVirtualsize"",""SectionMaxPointerData"",""SectionMaxChar"",""DirectoryEntryImport"",""DirectoryEntryExport"",""ImageDirectoryEntryImport"",""ImageDirectoryEntryResource"",""ImageDirectoryEntryException"",""ImageDirectoryEntrySecurity""",{},22.78113341331482,0.020928144454956055,0.9995451914330604,0.9868316041500399,0.9868297166998773,0.9871108380616005,0.9871108380616005
38,MLP + RandomOverSampler + k=26 + isotonic,"""e_maxalloc"",""e_lfanew"",""Machine"",""NumberOfSections"",""TimeDateStamp"",""SizeOfOptionalHeader"",""Characteristics"",""Magic"",""MajorLinkerVersion"",""MinorLinkerVersion"",""ImageBase"",""SectionAlignment"",""FileAlignment"",""MajorSubsystemVersion"",""CheckSum"",""Subsystem"",""DllCharacteristics"",""SizeOfStackReserve"",""SizeOfHeapReserve"",""SectionsLength"",""SectionMinEntropy"",""SectionMinRawsize"",""SectionMaxPointerData"",""SectionMaxChar"",""DirectoryEntryImport"",""DirectoryEntryExport""",{},21.58120632171631,0.015616178512573242,0.9300008269246671,0.9285714285714286,0.9285714171975156,0.9285717015454699,0.9285717015454699
39,GaussianNB + RandomOverSampler + k=10 + isotonic,"""Machine"",""TimeDateStamp"",""SizeOfOptionalHeader"",""Magic"",""FileAlignment"",""MajorSubsystemVersion"",""Subsystem"",""DllCharacteristics"",""SizeOfStackReserve"",""SectionMaxChar""",{},0.02892923355102539,0.003847837448120117,0.9022161581079964,0.9044293695131684,0.904423582455137,0.9045273444437099,0.9045273444437099
40,SVC + RandomOverSampler + k=21 + isotonic,"""e_maxalloc"",""e_lfanew"",""Machine"",""NumberOfSections"",""TimeDateStamp"",""SizeOfOptionalHeader"",""Characteristics"",""Magic"",""MajorLinkerVersion"",""MinorLinkerVersion"",""SectionAlignment"",""FileAlignment"",""MajorSubsystemVersion"",""CheckSum"",""Subsystem"",""DllCharacteristics"",""SizeOfStackReserve"",""SizeOfHeapReserve"",""SectionsLength"",""SectionMaxChar"",""DirectoryEntryImport""","{'kernel': 'rbf', 'C': 36.97004768176499, 'gamma': 0.001813852166802388}",15.339499950408936,2.576955556869507,0.9813941949888365,0.9660814046288907,0.9660771697011046,0.9663142634102823,0.9663142634102823
41,KNeighbors + RandomOverSampler + k=10 + isotonic,"""Machine"",""TimeDateStamp"",""SizeOfOptionalHeader"",""Magic"",""FileAlignment"",""MajorSubsystemVersion"",""Subsystem"",""DllCharacteristics"",""SizeOfStackReserve"",""SectionMaxChar""","{'n_neighbors': 23, 'metric': 'manhattan', 'weights': 'distance'}",1.1383397579193115,1.1319785118103027,0.9962788389977673,0.9748603351955307,0.9748473223641331,0.9758450560392146,0.9758450560392146
42,LGBM + ADASYN + k=23 + isotonic,"""e_maxalloc"",""Machine"",""TimeDateStamp"",""SizeOfOptionalHeader"",""Characteristics"",""Magic"",""MajorLinkerVersion"",""MinorLinkerVersion"",""AddressOfEntryPoint"",""ImageBase"",""SectionAlignment"",""FileAlignment"",""MajorSubsystemVersion"",""CheckSum"",""Subsystem"",""DllCharacteristics"",""SizeOfStackReserve"",""SizeOfHeapReserve"",""SectionMaxPointerData"",""SectionMaxChar"",""DirectoryEntryImport"",""DirectoryEntryExport"",""ImageDirectoryEntrySecurity""","{'num_leaves': 147, 'learning_rate': 0.16555677316484504, 'max_depth': 9, 'min_child_samples': 39, 'subsample': 0.6737942858233472, 'colsample_bytree': 0.9600647983520972, 'reg_alpha': 2.5154003225044943, 'reg_lambda': 0.07174751240009092}",0.684887170791626,0.025510549545288086,0.9964715649647157,0.9850359138068635,0.9850344833928747,0.9852214249474522,0.9852214249474522
43,XGB + ADASYN + k=64 + isotonic,"""e_cblp"",""e_cp"",""e_crlc"",""e_cparhdr"",""e_minalloc"",""e_maxalloc"",""e_ss"",""e_sp"",""e_csum"",""e_ip"",""e_cs"",""e_lfarlc"",""e_ovno"",""e_oemid"",""e_oeminfo"",""e_lfanew"",""Machine"",""NumberOfSections"",""TimeDateStamp"",""PointerToSymbolTable"",""NumberOfSymbols"",""SizeOfOptionalHeader"",""Characteristics"",""Magic"",""MajorLinkerVersion"",""MinorLinkerVersion"",""SizeOfCode"",""SizeOfInitializedData"",""SizeOfUninitializedData"",""AddressOfEntryPoint"",""BaseOfCode"",""ImageBase"",""SectionAlignment"",""FileAlignment"",""MajorOperatingSystemVersion"",""MinorOperatingSystemVersion"",""MajorImageVersion"",""MinorImageVersion"",""MajorSubsystemVersion"",""MinorSubsystemVersion"",""SizeOfHeaders"",""CheckSum"",""Subsystem"",""DllCharacteristics"",""SizeOfStackReserve"",""SizeOfStackCommit"",""SizeOfHeapReserve"",""SizeOfHeapCommit"",""LoaderFlags"",""NumberOfRvaAndSizes"",""SectionsLength"",""SectionMinEntropy"",""SectionMinRawsize"",""SectionMinVirtualsize"",""SectionMaxPhysical"",""SectionMaxVirtual"",""SectionMaxPointerData"",""SectionMaxChar"",""DirectoryEntryImport"",""DirectoryEntryExport"",""ImageDirectoryEntryImport"",""ImageDirectoryEntryResource"",""ImageDirectoryEntryException"",""ImageDirectoryEntrySecurity""","{'max_depth': 4, 'learning_rate': 0.33165451800861045, 'subsample': 0.683507392428738, 'colsample_bytree': 0.8883896433066232, 'reg_alpha': 0.09091531458712078, 'reg_lambda': 6.127076330373008, 'min_child_weight': 0.0031594007368845405}",3.8244473934173584,0.014010906219482422,0.9988792029887921,0.9846368715083799,0.9846348842084182,0.9848877299803227,0.9848877299803227
44,RandomForest + ADASYN + k=36 + isotonic,"""e_cblp"",""e_cp"",""e_maxalloc"",""e_ip"",""e_cs"",""e_lfarlc"",""e_ovno"",""e_oeminfo"",""Machine"",""TimeDateStamp"",""PointerToSymbolTable"",""NumberOfSymbols"",""SizeOfOptionalHeader"",""Characteristics"",""Magic"",""MajorLinkerVersion"",""MinorLinkerVersion"",""AddressOfEntryPoint"",""ImageBase"",""SectionAlignment"",""FileAlignment"",""MajorSubsystemVersion"",""SizeOfHeaders"",""CheckSum"",""Subsystem"",""DllCharacteristics"",""SizeOfStackReserve"",""SizeOfHeapReserve"",""SectionMaxPhysical"",""SectionMaxVirtual"",""SectionMaxPointerData"",""SectionMaxChar"",""DirectoryEntryImport"",""DirectoryEntryExport"",""ImageDirectoryEntryImport"",""ImageDirectoryEntrySecurity""","{'n_estimators': 194, 'max_depth': 15, 'min_samples_split': 2, 'min_samples_leaf': 1, 'max_features': 0.7975348083406282}",71.906329870224,0.3101623058319092,0.9965130759651307,0.9828411811652035,0.9828405663801029,0.98291038767117,0.98291038767117
45,AdaBoost + ADASYN + k=44 + isotonic,"""e_cblp"",""e_cp"",""e_crlc"",""e_cparhdr"",""e_minalloc"",""e_maxalloc"",""e_sp"",""e_ip"",""e_cs"",""e_lfarlc"",""e_ovno"",""e_oeminfo"",""Machine"",""NumberOfSections"",""TimeDateStamp"",""PointerToSymbolTable"",""NumberOfSymbols"",""SizeOfOptionalHeader"",""Characteristics"",""Magic"",""MajorLinkerVersion"",""MinorLinkerVersion"",""AddressOfEntryPoint"",""ImageBase"",""SectionAlignment"",""FileAlignment"",""MajorImageVersion"",""MinorImageVersion"",""MajorSubsystemVersion"",""SizeOfHeaders"",""CheckSum"",""Subsystem"",""DllCharacteristics"",""SizeOfStackReserve"",""SizeOfHeapReserve"",""SectionsLength"",""SectionMaxPhysical"",""SectionMaxVirtual"",""SectionMaxPointerData"",""SectionMaxChar"",""DirectoryEntryImport"",""DirectoryEntryExport"",""ImageDirectoryEntryImport"",""ImageDirectoryEntrySecurity""","{'n_estimators': 165, 'learning_rate': 0.9803381037057874}",20.004949808120728,0.4106779098510742,0.9824408468244085,0.977853152434158,0.9778525097021569,0.9779086290891653,0.9779086290891653
46,GradientBoosting + ADASYN + k=54 + isotonic,"""e_cblp"",""e_cp"",""e_crlc"",""e_cparhdr"",""e_minalloc"",""e_maxalloc"",""e_sp"",""e_csum"",""e_ip"",""e_cs"",""e_lfarlc"",""e_ovno"",""e_oemid"",""e_oeminfo"",""Machine"",""NumberOfSections"",""TimeDateStamp"",""PointerToSymbolTable"",""NumberOfSymbols"",""SizeOfOptionalHeader"",""Characteristics"",""Magic"",""MajorLinkerVersion"",""MinorLinkerVersion"",""SizeOfCode"",""AddressOfEntryPoint"",""ImageBase"",""SectionAlignment"",""FileAlignment"",""MajorOperatingSystemVersion"",""MinorOperatingSystemVersion"",""MajorImageVersion"",""MinorImageVersion"",""MajorSubsystemVersion"",""SizeOfHeaders"",""CheckSum"",""Subsystem"",""DllCharacteristics"",""SizeOfStackReserve"",""SizeOfHeapReserve"",""SizeOfHeapCommit"",""LoaderFlags"",""SectionsLength"",""SectionMinRawsize"",""SectionMinVirtualsize"",""SectionMaxPhysical"",""SectionMaxVirtual"",""SectionMaxPointerData"",""SectionMaxChar"",""DirectoryEntryImport"",""DirectoryEntryExport"",""ImageDirectoryEntryImport"",""ImageDirectoryEntryResource"",""ImageDirectoryEntrySecurity""","{'n_estimators': 164, 'learning_rate': 0.093883959466651, 'max_depth': 6, 'min_samples_split': 6, 'min_samples_leaf': 3, 'subsample': 0.7065016055704308}",71.44245195388794,0.06342339515686035,0.9978829389788294,0.985634477254589,0.9856330474307224,0.9858278789639757,0.9858278789639757
47,DecisionTree + ADASYN + k=18 + isotonic,"""e_maxalloc"",""Machine"",""TimeDateStamp"",""SizeOfOptionalHeader"",""Characteristics"",""Magic"",""MajorLinkerVersion"",""MinorLinkerVersion"",""SectionAlignment"",""FileAlignment"",""MajorSubsystemVersion"",""CheckSum"",""Subsystem"",""DllCharacteristics"",""SizeOfStackReserve"",""SectionMaxChar"",""DirectoryEntryImport"",""DirectoryEntryExport""","{'max_depth': 15, 'min_samples_split': 6, 'min_samples_leaf': 1, 'max_features': 0.8180038443583572}",0.28719568252563477,0.003011941909790039,0.9954337899543378,0.9786512370311253,0.9786501958941785,0.9787446221904116,0.9787446221904116
48,ExtraTrees + ADASYN + k=22 + isotonic,"""e_maxalloc"",""Machine"",""TimeDateStamp"",""SizeOfOptionalHeader"",""Characteristics"",""Magic"",""MajorLinkerVersion"",""MinorLinkerVersion"",""AddressOfEntryPoint"",""ImageBase"",""SectionAlignment"",""FileAlignment"",""MajorSubsystemVersion"",""CheckSum"",""Subsystem"",""DllCharacteristics"",""SizeOfStackReserve"",""SizeOfHeapReserve"",""SectionMaxPointerData"",""SectionMaxChar"",""DirectoryEntryImport"",""DirectoryEntryExport""",{},3.5291075706481934,0.23034429550170898,0.9980074719800747,0.9818435754189944,0.9818416952645408,0.9820432230680206,0.9820432230680206
49,LogisticRegression + ADASYN + k=21 + isotonic,"""e_maxalloc"",""Machine"",""TimeDateStamp"",""SizeOfOptionalHeader"",""Characteristics"",""Magic"",""MajorLinkerVersion"",""MinorLinkerVersion"",""ImageBase"",""SectionAlignment"",""FileAlignment"",""MajorSubsystemVersion"",""CheckSum"",""Subsystem"",""DllCharacteristics"",""SizeOfStackReserve"",""SizeOfHeapReserve"",""SectionMaxPointerData"",""SectionMaxChar"",""DirectoryEntryImport"",""DirectoryEntryExport""",{},0.585557222366333,0.0022344589233398438,0.8210045662100457,0.9122106943335994,0.9121023064614975,0.9142539837991634,0.9142539837991634
50,SGD + ADASYN + k=21 + isotonic,"""e_maxalloc"",""Machine"",""TimeDateStamp"",""SizeOfOptionalHeader"",""Characteristics"",""Magic"",""MajorLinkerVersion"",""MinorLinkerVersion"",""ImageBase"",""SectionAlignment"",""FileAlignment"",""MajorSubsystemVersion"",""CheckSum"",""Subsystem"",""DllCharacteristics"",""SizeOfStackReserve"",""SizeOfHeapReserve"",""SectionMaxPointerData"",""SectionMaxChar"",""DirectoryEntryImport"",""DirectoryEntryExport""","{'alpha': 1.3550446313500833e-05, 'loss': 'modified_huber', 'penalty': 'l2'}",0.7825238704681396,0.0021963119506835938,0.8274387712743877,0.9171987230646449,0.9171254791677549,0.9186788242259503,0.9186788242259503
51,CatBoost + ADASYN + k=65 + isotonic,"""e_cblp"",""e_cp"",""e_crlc"",""e_cparhdr"",""e_minalloc"",""e_maxalloc"",""e_ss"",""e_sp"",""e_csum"",""e_ip"",""e_cs"",""e_lfarlc"",""e_ovno"",""e_oemid"",""e_oeminfo"",""e_lfanew"",""Machine"",""NumberOfSections"",""TimeDateStamp"",""PointerToSymbolTable"",""NumberOfSymbols"",""SizeOfOptionalHeader"",""Characteristics"",""Magic"",""MajorLinkerVersion"",""MinorLinkerVersion"",""SizeOfCode"",""SizeOfInitializedData"",""SizeOfUninitializedData"",""AddressOfEntryPoint"",""BaseOfCode"",""ImageBase"",""SectionAlignment"",""FileAlignment"",""MajorOperatingSystemVersion"",""MinorOperatingSystemVersion"",""MajorImageVersion"",""MinorImageVersion"",""MajorSubsystemVersion"",""MinorSubsystemVersion"",""SizeOfHeaders"",""CheckSum"",""Subsystem"",""DllCharacteristics"",""SizeOfStackReserve"",""SizeOfStackCommit"",""SizeOfHeapReserve"",""SizeOfHeapCommit"",""LoaderFlags"",""NumberOfRvaAndSizes"",""SectionsLength"",""SectionMinEntropy"",""SectionMinRawsize"",""SectionMinVirtualsize"",""SectionMaxPhysical"",""SectionMaxVirtual"",""SectionMaxPointerData"",""SectionMaxChar"",""DirectoryEntryImport"",""DirectoryEntryExport"",""ImageDirectoryEntryExport"",""ImageDirectoryEntryImport"",""ImageDirectoryEntryResource"",""ImageDirectoryEntryException"",""ImageDirectoryEntrySecurity""",{},28.71161699295044,0.014849185943603516,0.9991282689912827,0.9846368715083799,0.9846354029500182,0.9848222300277095,0.9848222300277095
52,MLP + ADASYN + k=45 + isotonic,"""e_cblp"",""e_cp"",""e_crlc"",""e_cparhdr"",""e_minalloc"",""e_maxalloc"",""e_sp"",""e_ip"",""e_cs"",""e_lfarlc"",""e_ovno"",""e_oeminfo"",""Machine"",""NumberOfSections"",""TimeDateStamp"",""PointerToSymbolTable"",""NumberOfSymbols"",""SizeOfOptionalHeader"",""Characteristics"",""Magic"",""MajorLinkerVersion"",""MinorLinkerVersion"",""AddressOfEntryPoint"",""ImageBase"",""SectionAlignment"",""FileAlignment"",""MajorImageVersion"",""MinorImageVersion"",""MajorSubsystemVersion"",""SizeOfHeaders"",""CheckSum"",""Subsystem"",""DllCharacteristics"",""SizeOfStackReserve"",""SizeOfHeapReserve"",""SizeOfHeapCommit"",""SectionsLength"",""SectionMaxPhysical"",""SectionMaxVirtual"",""SectionMaxPointerData"",""SectionMaxChar"",""DirectoryEntryImport"",""DirectoryEntryExport"",""ImageDirectoryEntryImport"",""ImageDirectoryEntrySecurity""",{},12.93443775177002,0.010138511657714844,0.8577833125778331,0.9158020750199521,0.9156053209733782,0.919716105770467,0.919716105770467
53,GaussianNB + ADASYN + k=21 + isotonic,"""e_maxalloc"",""Machine"",""TimeDateStamp"",""SizeOfOptionalHeader"",""Characteristics"",""Magic"",""MajorLinkerVersion"",""MinorLinkerVersion"",""ImageBase"",""SectionAlignment"",""FileAlignment"",""MajorSubsystemVersion"",""CheckSum"",""Subsystem"",""DllCharacteristics"",""SizeOfStackReserve"",""SizeOfHeapReserve"",""SectionMaxPointerData"",""SectionMaxChar"",""DirectoryEntryImport"",""DirectoryEntryExport""",{},0.03050398826599121,0.004124879837036133,0.7427563304275633,0.7318435754189944,0.7259663286711068,0.7535995457458964,0.7535995457458964
54,SVC + ADASYN + k=10 + isotonic,"""Machine"",""TimeDateStamp"",""SizeOfOptionalHeader"",""Magic"",""FileAlignment"",""MajorSubsystemVersion"",""CheckSum"",""Subsystem"",""SizeOfStackReserve"",""SectionMaxChar""","{'kernel': 'rbf', 'C': 0.5797762454440061, 'gamma': 0.29302150937464555}",32.897772550582886,5.774317979812622,0.9380655873806558,0.945730247406225,0.9457001492060534,0.9467207097479265,0.9467207097479265
55,KNeighbors + ADASYN + k=49 + isotonic,"""e_cblp"",""e_cp"",""e_crlc"",""e_cparhdr"",""e_minalloc"",""e_maxalloc"",""e_sp"",""e_csum"",""e_ip"",""e_cs"",""e_lfarlc"",""e_ovno"",""e_oemid"",""e_oeminfo"",""Machine"",""NumberOfSections"",""TimeDateStamp"",""PointerToSymbolTable"",""NumberOfSymbols"",""SizeOfOptionalHeader"",""Characteristics"",""Magic"",""MajorLinkerVersion"",""MinorLinkerVersion"",""AddressOfEntryPoint"",""ImageBase"",""SectionAlignment"",""FileAlignment"",""MajorImageVersion"",""MinorImageVersion"",""MajorSubsystemVersion"",""SizeOfHeaders"",""CheckSum"",""Subsystem"",""DllCharacteristics"",""SizeOfStackReserve"",""SizeOfHeapReserve"",""SizeOfHeapCommit"",""SectionsLength"",""SectionMinRawsize"",""SectionMinVirtualsize"",""SectionMaxPhysical"",""SectionMaxVirtual"",""SectionMaxPointerData"",""SectionMaxChar"",""DirectoryEntryImport"",""DirectoryEntryExport"",""ImageDirectoryEntryImport"",""ImageDirectoryEntrySecurity""","{'n_neighbors': 17, 'metric': 'manhattan', 'weights': 'distance'}",2.3114731311798096,2.2953803539276123,0.9980489829804898,0.9684756584197926,0.9684753371511847,0.9684947561857262,0.9684947561857262
56,LGBM + BorderlineSMOTE + k=38 + isotonic,"""e_cp"",""e_maxalloc"",""e_ip"",""e_cs"",""e_lfarlc"",""e_ovno"",""Machine"",""NumberOfSections"",""TimeDateStamp"",""PointerToSymbolTable"",""NumberOfSymbols"",""SizeOfOptionalHeader"",""Characteristics"",""Magic"",""MajorLinkerVersion"",""MinorLinkerVersion"",""AddressOfEntryPoint"",""ImageBase"",""SectionAlignment"",""FileAlignment"",""MajorImageVersion"",""MinorImageVersion"",""MajorSubsystemVersion"",""SizeOfHeaders"",""CheckSum"",""Subsystem"",""DllCharacteristics"",""SizeOfStackReserve"",""SizeOfHeapReserve"",""SectionsLength"",""SectionMaxPhysical"",""SectionMaxVirtual"",""SectionMaxPointerData"",""SectionMaxChar"",""DirectoryEntryImport"",""DirectoryEntryExport"",""ImageDirectoryEntryImport"",""ImageDirectoryEntrySecurity""","{'num_leaves': 120, 'learning_rate': 0.07932622478306046, 'max_depth': 11, 'min_child_samples': 16, 'subsample': 0.8089071292765291, 'colsample_bytree': 0.9971395268226494, 'reg_alpha': 0.0007562329086951899, 'reg_lambda': 0.49095131901807604}",1.4477314949035645,0.02312302589416504,0.999421152732986,0.9836392657621708,0.9836360737725662,0.9840169201113729,0.9840169201113729
57,XGB + BorderlineSMOTE + k=60 + isotonic,"""e_cblp"",""e_cp"",""e_crlc"",""e_cparhdr"",""e_minalloc"",""e_maxalloc"",""e_sp"",""e_csum"",""e_ip"",""e_cs"",""e_lfarlc"",""e_ovno"",""e_oemid"",""e_oeminfo"",""e_lfanew"",""Machine"",""NumberOfSections"",""TimeDateStamp"",""PointerToSymbolTable"",""NumberOfSymbols"",""SizeOfOptionalHeader"",""Characteristics"",""Magic"",""MajorLinkerVersion"",""MinorLinkerVersion"",""SizeOfCode"",""SizeOfInitializedData"",""AddressOfEntryPoint"",""BaseOfCode"",""ImageBase"",""SectionAlignment"",""FileAlignment"",""MajorOperatingSystemVersion"",""MinorOperatingSystemVersion"",""MajorImageVersion"",""MinorImageVersion"",""MajorSubsystemVersion"",""MinorSubsystemVersion"",""SizeOfHeaders"",""CheckSum"",""Subsystem"",""DllCharacteristics"",""SizeOfStackReserve"",""SizeOfStackCommit"",""SizeOfHeapReserve"",""SizeOfHeapCommit"",""LoaderFlags"",""SectionsLength"",""SectionMinRawsize"",""SectionMinVirtualsize"",""SectionMaxPhysical"",""SectionMaxVirtual"",""SectionMaxPointerData"",""SectionMaxChar"",""DirectoryEntryImport"",""DirectoryEntryExport"",""ImageDirectoryEntryImport"",""ImageDirectoryEntryResource"",""ImageDirectoryEntryException"",""ImageDirectoryEntrySecurity""","{'max_depth': 5, 'learning_rate': 0.45910446435604874, 'subsample': 0.6855240895137279, 'colsample_bytree': 0.8249996221560292, 'reg_alpha': 0.004297578416058032, 'reg_lambda': 0.0014868143410745613, 'min_child_weight': 7.496511015331984e-05}",4.18193507194519,0.013710498809814453,0.9990490366327628,0.9838387869114126,0.9838357233094953,0.9842058714558325,0.9842058714558325
58,RandomForest + BorderlineSMOTE + k=23 + isotonic,"""e_maxalloc"",""Machine"",""TimeDateStamp"",""SizeOfOptionalHeader"",""Characteristics"",""Magic"",""MajorLinkerVersion"",""MinorLinkerVersion"",""ImageBase"",""SectionAlignment"",""FileAlignment"",""MajorSubsystemVersion"",""CheckSum"",""Subsystem"",""DllCharacteristics"",""SizeOfStackReserve"",""SizeOfHeapReserve"",""SectionsLength"",""SectionMaxPointerData"",""SectionMaxChar"",""DirectoryEntryImport"",""DirectoryEntryExport"",""ImageDirectoryEntrySecurity""","{'n_estimators': 170, 'max_depth': 15, 'min_samples_split': 6, 'min_samples_leaf': 3, 'max_features': 0.6126910306317063}",32.250519037246704,0.2506747245788574,0.9967336475647068,0.982242617717478,0.9822399869599265,0.9825285219113444,0.9825285219113444
59,AdaBoost + BorderlineSMOTE + k=54 + isotonic,"""e_cblp"",""e_cp"",""e_crlc"",""e_cparhdr"",""e_minalloc"",""e_maxalloc"",""e_sp"",""e_csum"",""e_ip"",""e_cs"",""e_lfarlc"",""e_ovno"",""e_oemid"",""e_oeminfo"",""Machine"",""NumberOfSections"",""TimeDateStamp"",""PointerToSymbolTable"",""NumberOfSymbols"",""SizeOfOptionalHeader"",""Characteristics"",""Magic"",""MajorLinkerVersion"",""MinorLinkerVersion"",""AddressOfEntryPoint"",""ImageBase"",""SectionAlignment"",""FileAlignment"",""MajorOperatingSystemVersion"",""MinorOperatingSystemVersion"",""MajorImageVersion"",""MinorImageVersion"",""MajorSubsystemVersion"",""SizeOfHeaders"",""CheckSum"",""Subsystem"",""DllCharacteristics"",""SizeOfStackReserve"",""SizeOfStackCommit"",""SizeOfHeapReserve"",""SizeOfHeapCommit"",""LoaderFlags"",""SectionsLength"",""SectionMinRawsize"",""SectionMinVirtualsize"",""SectionMaxPhysical"",""SectionMaxVirtual"",""SectionMaxPointerData"",""SectionMaxChar"",""DirectoryEntryImport"",""DirectoryEntryExport"",""ImageDirectoryEntryImport"",""ImageDirectoryEntryResource"",""ImageDirectoryEntrySecurity""","{'n_estimators': 166, 'learning_rate': 0.7830000238946566}",22.244428634643555,0.39737892150878906,0.9856115107913669,0.9766560255387071,0.9766557569699348,0.9766779617076928,0.9766779617076928
60,GradientBoosting + BorderlineSMOTE + k=57 + isotonic,"""e_cblp"",""e_cp"",""e_crlc"",""e_cparhdr"",""e_minalloc"",""e_maxalloc"",""e_sp"",""e_csum"",""e_ip"",""e_cs"",""e_lfarlc"",""e_ovno"",""e_oemid"",""e_oeminfo"",""Machine"",""NumberOfSections"",""TimeDateStamp"",""PointerToSymbolTable"",""NumberOfSymbols"",""SizeOfOptionalHeader"",""Characteristics"",""Magic"",""MajorLinkerVersion"",""MinorLinkerVersion"",""SizeOfCode"",""AddressOfEntryPoint"",""BaseOfCode"",""ImageBase"",""SectionAlignment"",""FileAlignment"",""MajorOperatingSystemVersion"",""MinorOperatingSystemVersion"",""MajorImageVersion"",""MinorImageVersion"",""MajorSubsystemVersion"",""SizeOfHeaders"",""CheckSum"",""Subsystem"",""DllCharacteristics"",""SizeOfStackReserve"",""SizeOfStackCommit"",""SizeOfHeapReserve"",""SizeOfHeapCommit"",""LoaderFlags"",""SectionsLength"",""SectionMinRawsize"",""SectionMinVirtualsize"",""SectionMaxPhysical"",""SectionMaxVirtual"",""SectionMaxPointerData"",""SectionMaxChar"",""DirectoryEntryImport"",""DirectoryEntryExport"",""ImageDirectoryEntryImport"",""ImageDirectoryEntryResource"",""ImageDirectoryEntryException"",""ImageDirectoryEntrySecurity""","{'n_estimators': 56, 'learning_rate': 0.44964301817963426, 'max_depth': 4, 'min_samples_split': 7, 'min_samples_leaf': 1, 'subsample': 0.7820737602913823}",18.478600025177002,0.018105030059814453,0.9985115355991069,0.9838387869114126,0.9838362330251323,0.984144767734315,0.984144767734315
61,DecisionTree + BorderlineSMOTE + k=45 + isotonic,"""e_cblp"",""e_cp"",""e_crlc"",""e_cparhdr"",""e_minalloc"",""e_maxalloc"",""e_sp"",""e_ip"",""e_cs"",""e_lfarlc"",""e_ovno"",""e_oeminfo"",""Machine"",""NumberOfSections"",""TimeDateStamp"",""PointerToSymbolTable"",""NumberOfSymbols"",""SizeOfOptionalHeader"",""Characteristics"",""Magic"",""MajorLinkerVersion"",""MinorLinkerVersion"",""AddressOfEntryPoint"",""ImageBase"",""SectionAlignment"",""FileAlignment"",""MajorImageVersion"",""MinorImageVersion"",""MajorSubsystemVersion"",""SizeOfHeaders"",""CheckSum"",""Subsystem"",""DllCharacteristics"",""SizeOfStackReserve"",""SizeOfHeapReserve"",""SizeOfHeapCommit"",""SectionsLength"",""SectionMaxPhysical"",""SectionMaxVirtual"",""SectionMaxPointerData"",""SectionMaxChar"",""DirectoryEntryImport"",""DirectoryEntryExport"",""ImageDirectoryEntryImport"",""ImageDirectoryEntrySecurity""","{'max_depth': 14, 'min_samples_split': 5, 'min_samples_leaf': 3, 'max_features': 0.6259799217052493}",0.5195918083190918,0.0032520294189453125,0.9978086496320185,0.9818435754189944,0.9818410590610702,0.9821108076006664,0.9821108076006664
62,ExtraTrees + BorderlineSMOTE + k=14 + isotonic,"""e_maxalloc"",""Machine"",""TimeDateStamp"",""SizeOfOptionalHeader"",""Magic"",""MajorLinkerVersion"",""SectionAlignment"",""FileAlignment"",""MajorSubsystemVersion"",""CheckSum"",""Subsystem"",""SizeOfStackReserve"",""SectionMaxChar"",""DirectoryEntryExport""",{},3.2440741062164307,0.24709248542785645,0.994459604730009,0.9806464485235435,0.98064376625191,0.9809130167743292,0.9809130167743292
63,LogisticRegression + BorderlineSMOTE + k=23 + isotonic,"""e_maxalloc"",""Machine"",""TimeDateStamp"",""SizeOfOptionalHeader"",""Characteristics"",""Magic"",""MajorLinkerVersion"",""MinorLinkerVersion"",""ImageBase"",""SectionAlignment"",""FileAlignment"",""MajorSubsystemVersion"",""CheckSum"",""Subsystem"",""DllCharacteristics"",""SizeOfStackReserve"",""SizeOfHeapReserve"",""SectionsLength"",""SectionMaxPointerData"",""SectionMaxChar"",""DirectoryEntryImport"",""DirectoryEntryExport"",""ImageDirectoryEntrySecurity""",{},0.45584821701049805,0.0022504329681396484,0.8497477879765153,0.9169992019154031,0.9168920091021336,0.9191617437379515,0.9191617437379515
64,SGD + BorderlineSMOTE + k=17 + isotonic,"""e_maxalloc"",""Machine"",""TimeDateStamp"",""SizeOfOptionalHeader"",""Magic"",""MajorLinkerVersion"",""MinorLinkerVersion"",""SectionAlignment"",""FileAlignment"",""MajorSubsystemVersion"",""CheckSum"",""Subsystem"",""DllCharacteristics"",""SizeOfStackReserve"",""SectionMaxChar"",""DirectoryEntryImport"",""DirectoryEntryExport""","{'alpha': 1.8033613927401922e-05, 'loss': 'squared_hinge', 'penalty': 'l2'}",0.6447052955627441,0.0020880699157714844,0.8150996444223931,0.9156025538707103,0.9155375901419647,0.9168851321294773,0.9168851321294773
65,CatBoost + BorderlineSMOTE + k=39 + isotonic,"""e_cblp"",""e_cp"",""e_maxalloc"",""e_ip"",""e_cs"",""e_lfarlc"",""e_ovno"",""Machine"",""NumberOfSections"",""TimeDateStamp"",""PointerToSymbolTable"",""NumberOfSymbols"",""SizeOfOptionalHeader"",""Characteristics"",""Magic"",""MajorLinkerVersion"",""MinorLinkerVersion"",""AddressOfEntryPoint"",""ImageBase"",""SectionAlignment"",""FileAlignment"",""MajorImageVersion"",""MinorImageVersion"",""MajorSubsystemVersion"",""SizeOfHeaders"",""CheckSum"",""Subsystem"",""DllCharacteristics"",""SizeOfStackReserve"",""SizeOfHeapReserve"",""SectionsLength"",""SectionMaxPhysical"",""SectionMaxVirtual"",""SectionMaxPointerData"",""SectionMaxChar"",""DirectoryEntryImport"",""DirectoryEntryExport"",""ImageDirectoryEntryImport"",""ImageDirectoryEntrySecurity""",{},18.147639513015747,0.013906478881835938,0.9988009592326139,0.9848363926576217,0.9848337627312349,0.9851729215001401,0.9851729215001401
66,MLP + BorderlineSMOTE + k=16 + isotonic,"""e_maxalloc"",""Machine"",""TimeDateStamp"",""SizeOfOptionalHeader"",""Magic"",""MajorLinkerVersion"",""MinorLinkerVersion"",""SectionAlignment"",""FileAlignment"",""MajorSubsystemVersion"",""CheckSum"",""Subsystem"",""DllCharacteristics"",""SizeOfStackReserve"",""SectionMaxChar"",""DirectoryEntryExport""",{},6.901737451553345,0.006821393966674805,0.8892334408335401,0.9219872306464485,0.9217847658197115,0.9264023024255307,0.9264023024255307
67,GaussianNB + BorderlineSMOTE + k=22 + isotonic,"""e_maxalloc"",""Machine"",""TimeDateStamp"",""SizeOfOptionalHeader"",""Characteristics"",""Magic"",""MajorLinkerVersion"",""MinorLinkerVersion"",""ImageBase"",""SectionAlignment"",""FileAlignment"",""MajorSubsystemVersion"",""CheckSum"",""Subsystem"",""DllCharacteristics"",""SizeOfStackReserve"",""SizeOfHeapReserve"",""SectionMaxPointerData"",""SectionMaxChar"",""DirectoryEntryImport"",""DirectoryEntryExport"",""ImageDirectoryEntrySecurity""",{},0.030431747436523438,0.00409245491027832,0.782229388902671,0.7308459696727854,0.7249632721667194,0.7524438217459344,0.7524438217459344
68,SVC + BorderlineSMOTE + k=10 + isotonic,"""Machine"",""TimeDateStamp"",""SizeOfOptionalHeader"",""Magic"",""FileAlignment"",""MajorSubsystemVersion"",""CheckSum"",""Subsystem"",""SizeOfStackReserve"",""SectionMaxChar""","{'kernel': 'rbf', 'C': 3.9385124154322764, 'gamma': 0.6292303999434992}",32.51974010467529,4.314854621887207,0.9670470520135616,0.9584996009577015,0.9584989401165871,0.9585288064467431,0.9585288064467431
69,KNeighbors + BorderlineSMOTE + k=12 + isotonic,"""e_maxalloc"",""Machine"",""TimeDateStamp"",""SizeOfOptionalHeader"",""Magic"",""SectionAlignment"",""FileAlignment"",""MajorSubsystemVersion"",""CheckSum"",""Subsystem"",""SizeOfStackReserve"",""SectionMaxChar""","{'n_neighbors': 21, 'metric': 'manhattan', 'weights': 'distance'}",1.8249435424804688,1.358689546585083,0.9945009509633672,0.9730646448523543,0.9730646437800932,0.9730647201806996,0.9730647201806996
